cntr_u,dist_x,pang_x,ra_u,dec_u,ra,dec,sigra,sigdec,sigradec,w1mpro,w1sigmpro,w1snr,w1rchi2,w2mpro,w2sigmpro,w2snr,w2rchi2,w3mpro,w3sigmpro,w3snr,w3rchi2,w4mpro,w4sigmpro,w4snr,w4rchi2,nb,na,w1sat,w2sat,w3sat,w4sat,cc_flags,ph_qual,sso_flg,mjd,tmass_key,j_m_2mass,j_msig_2mass,h_m_2mass,h_msig_2mass,k_m_2mass,k_msig_2mass
6,0.507217,35.502550,1.7906164000E+02,2.8150879000E+01,179.0617328,28.1509937,0.9687,1.0035,0.4295,16.720,null,0.7,5.302E-01,14.969,null,1.8,6.672E-01,9.731,0.122,8.9,8.096E-01,7.525,null,0.6,3.957E+00,2,0,0.000,0.000,0.000,0.000,0000,UUBU,0,55349.803431,null,null,null,null,null,null,null
7,0.665000,171.306715,1.7900366800E+02,2.8267026000E+01,179.0036997,28.2668434,0.6934,0.8199,0.2854,17.102,null,null,1.075E+00,15.059,null,1.3,7.685E-01,9.547,0.097,11.2,8.771E-01,7.231,null,1.8,1.422E+00,2,0,0.000,0.000,0.000,0.000,0000,UUAU,0,55349.869646,null,null,null,null,null,null,null
8,0.413375,178.770724,1.7894539200E+02,2.8383537000E+01,178.9453948,28.3834222,0.6095,0.6717,0.1844,16.706,0.392,2.8,2.298E+00,14.668,0.214,5.1,7.643E-01,9.476,0.093,11.7,6.170E-01,7.485,0.374,2.9,1.272E+00,1,0,0.000,0.000,0.000,0.000,0000,CBAC,0,55349.935862,null,null,null,null,null,null,null
9,1.234480,24.352781,1.7888695400E+02,2.8500452000E+01,178.8871149,28.5007644,0.7702,0.8745,0.2954,16.566,null,1.2,1.174E+00,15.476,0.514,2.1,4.937E-01,9.623,0.109,10.0,1.077E+00,7.403,0.360,3.0,4.970E-01,2,0,0.000,0.000,0.000,0.000,0000,UCAC,0,55350.001950,null,null,null,null,null,null,null
10,0.344787,45.272203,1.7876900900E+02,2.8735345000E+01,178.7690866,28.7354124,0.7046,0.7699,0.2398,16.393,null,1.4,1.294E+00,14.977,0.284,3.8,5.006E-01,9.711,0.110,9.9,1.794E+00,7.049,0.260,4.2,5.782E-01,1,0,0.000,0.000,0.000,0.000,0000,UBBB,0,55350.134254,null,null,null,null,null,null,null
