cntr_u,dist_x,pang_x,ra_u,dec_u,ra,dec,sigra,sigdec,sigradec,w1mpro,w1sigmpro,w1snr,w1rchi2,w2mpro,w2sigmpro,w2snr,w2rchi2,w3mpro,w3sigmpro,w3snr,w3rchi2,w4mpro,w4sigmpro,w4snr,w4rchi2,nb,na,w1sat,w2sat,w3sat,w4sat,cc_flags,ph_qual,sso_flg,mjd,tmass_key,j_m_2mass,j_msig_2mass,h_m_2mass,h_msig_2mass,k_m_2mass,k_msig_2mass
1,4.647742,-99.181542,2.8376904900E+02,-9.4145060000E+00,283.7677571,-9.4147120,0.0929,0.0918,-0.0020,11.487,0.021,51.8,8.918E+00,11.527,0.033,32.8,1.813E+00,11.262,null,0.3,8.239E-01,7.248,null,1.7,8.608E-01,1,0,0.000,0.000,0.000,0.000,0000,AAUU,0,55288.504742,412212269,12.185,0.038,11.948,0.037,11.874,0.036
6,3.599395,56.934965,2.8397564700E+02,-9.3122830000E+00,283.9764961,-9.3117375,0.1954,0.2201,-0.0121,13.328,0.042,26.1,2.092E+00,13.401,0.090,12.1,1.184E+00,11.202,null,null,6.710E-01,7.752,null,0.0,6.672E-01,1,0,0.000,0.000,0.000,0.000,0000,AAUU,0,55289.034086,412353661,13.536,0.027,13.319,0.032,13.221,0.038
11,2.690190,96.793858,2.8410430100E+02,-9.2480360000E+00,284.1050528,-9.2481244,0.0789,0.0761,0.0252,8.766,0.016,68.2,1.888E+02,14.576,0.309,3.5,3.568E+00,11.272,null,null,1.174E+00,7.523,0.385,2.8,1.104E+00,1,0,0.000,0.000,0.000,0.000,0000,ABUC,0,55289.364782,null,null,null,null,null,null,null
16,1.540306,-78.281589,2.8420706700E+02,-9.1963510000E+00,284.2066426,-9.1962641,0.4718,0.5633,-0.1064,14.386,0.087,12.6,4.956E+00,14.292,null,1.8,9.906E-01,10.685,null,1.6,1.270E+00,7.513,null,0.2,8.473E-01,1,0,0.000,0.000,0.000,0.000,0000,AUUU,0,55289.629518,412492109,15.991,0.126,15.408,0.134,14.750,null
26,4.216711,-158.659945,2.8549839100E+02,-8.5202290000E+00,285.4979600,-8.5213200,0.8624,0.9464,-0.4185,15.228,0.149,7.3,1.122E+01,14.869,null,0.6,1.296E+00,null,null,null,null,6.280,0.452,2.4,2.730E+00,2,0,0.000,0.000,null,0.000,0000,BUXC,0,55293.003462,null,null,null,null,null,null,null
