cntr_u,dist_x,pang_x,ra_u,dec_u,ra,dec,sigra,sigdec,sigradec,w1mpro,w1sigmpro,w1snr,w1rchi2,w2mpro,w2sigmpro,w2snr,w2rchi2,w3mpro,w3sigmpro,w3snr,w3rchi2,w4mpro,w4sigmpro,w4snr,w4rchi2,nb,na,w1sat,w2sat,w3sat,w4sat,cc_flags,ph_qual,sso_flg,mjd,tmass_key,j_m_2mass,j_msig_2mass,h_m_2mass,h_msig_2mass,k_m_2mass,k_msig_2mass
1,0.268656,-4.465699,3.5798657900E+02,-4.4878239000E+01,357.9865708,-44.8781646,0.5228,0.5461,-0.1836,17.122,null,null,1.682E+00,14.596,0.212,5.1,1.270E+00,9.261,0.072,15.0,1.291E+00,7.440,0.345,3.1,1.954E+00,1,0,0.000,0.000,0.000,0.000,0000,UBAB,0,55343.290369,null,null,null,null,null,null,null
2,0.230561,5.948550,3.5781639500E+02,-4.5081817000E+01,357.8164044,-45.0817533,0.4626,0.5028,-0.2251,17.066,null,0.1,8.865E-01,14.407,0.178,6.1,1.068E+00,9.124,0.063,17.2,1.039E+00,7.128,0.260,4.2,2.193E+00,1,0,0.000,0.000,0.000,0.000,0000,UBAB,0,55343.488761,null,null,null,null,null,null,null
3,0.251195,117.946134,3.5775931200E+02,-4.5149577000E+01,357.7593994,-45.1496097,0.5122,0.5476,-0.1819,17.187,null,null,9.336E-01,14.912,0.253,4.3,1.098E+00,9.336,0.076,14.3,9.702E-01,6.927,0.208,5.2,9.094E-01,1,0,0.000,0.000,0.000,0.000,0000,UBAB,0,55343.554971,null,null,null,null,null,null,null
4,0.230649,-66.643777,3.5770224400E+02,-4.5217267000E+01,357.7021605,-45.2172416,0.4711,0.5340,-0.1955,17.125,0.504,2.2,9.500E-01,14.857,0.242,4.5,5.772E-01,9.105,0.066,16.4,9.454E-01,7.235,0.278,3.9,6.683E-01,1,0,0.000,0.000,0.000,0.000,0000,CBAB,0,55343.621060,null,null,null,null,null,null,null
5,0.119804,116.983862,3.5770208900E+02,-4.5217282000E+01,357.7021311,-45.2172971,0.4893,0.5190,-0.1949,16.449,null,1.9,9.062E-01,14.467,0.180,6.0,9.355E-01,9.203,0.072,15.2,1.016E+00,7.018,0.244,4.4,1.020E+00,1,0,0.000,0.000,0.000,0.000,0000,UBAB,0,55343.621187,null,null,null,null,null,null,null
7,0.499294,-171.873089,3.5758740100E+02,-4.5352509000E+01,357.5873731,-45.3526463,0.5377,0.5223,-0.1222,16.966,null,null,5.833E-01,14.401,0.179,6.1,1.042E+00,9.211,0.072,15.0,1.149E+00,7.070,0.247,4.4,7.511E-01,1,0,0.000,0.000,0.000,0.000,0000,UBAB,0,55343.753491,null,null,null,null,null,null,null
